patient_id,age,gender,ethnicity,insurance_status,pain_level,symptom_duration_hrs,symptom_description,chronic_disease,current_medications,heart_rate,systolic_bp,diastolic_bp,respiratory_rate,temperature_c,oxygen_saturation,arrival_mode,time_of_day,known_allergies,language_proficiency,height_cm,weight_kg,bmi
1,69,Male,White,Medicaid,10,9.1,Chest pain and trouble breathing,Hypertension,"Metformin, Warfarin",132,176,70,22,37.3,92,Referral,Morning,NSAIDs,English,152,71,30.7
2,70,Female,White,Private,1,7.7,Chest pain and trouble breathing,None,None,51,153,80,12,38.0,96,Ambulance,Afternoon,NSAIDs,Other,171,98,33.5
3,76,Male,Other,Medicare,9,0.3,Chest pain and trouble breathing,Heart Disease,Insulin,111,151,62,16,35.8,91,Referral,Night,Penicillin,Spanish,167,53,19.0
4,77,Female,White,Medicare,1,2.9,Chest pain and trouble breathing,Heart Disease,"Albuterol, Lisinopril",133,149,66,23,37.4,97,Walk-in,Afternoon,Penicillin,Spanish,157,96,38.9
5,52,Male,White,Uninsured,0,1.8,Chest pain and trouble breathing,None,None,51,95,63,29,37.2,100,Walk-in,Evening,NSAIDs,Spanish,164,111,41.3
6,57,Male,Asian,Private,4,3.0,Chest pain and trouble breathing,Asthma,Aspirin,73,115,84,24,37.9,93,Referral,Evening,NSAIDs,Spanish,178,64,20.2
7,62,Male,White,Private,0,0.1,Chest pain and trouble breathing,Heart Disease,Metformin,57,177,70,30,38.0,85,Walk-in,Morning,Penicillin,English,154,90,37.9
8,45,Female,Hispanic,Uninsured,6,11.4,Chest pain and trouble breathing,Heart Disease,Warfarin,97,112,83,16,37.9,87,Walk-in,Afternoon,Peanuts,Spanish,193,84,22.6
9,82,Male,Hispanic,Private,2,0.8,Chest pain and trouble breathing,COPD,Insulin,54,179,73,18,36.8,87,Ambulance,Afternoon,Penicillin,Spanish,181,101,30.8
10,21,Female,Hispanic,Medicare,4,1.7,Chest pain and trouble breathing,Heart Disease,Lisinopril,78,125,72,18,36.0,95,Ambulance,Afternoon,None,Spanish,200,77,19.2
11,83,Female,Hispanic,Private,9,9.9,Chest pain and trouble breathing,Hypertension,"Atorvastatin, Insulin",77,117,79,22,36.2,93,Walk-in,Afternoon,Latex,Spanish,188,111,31.4
12,18,Female,Black,Medicaid,8,6.3,Chest pain and trouble breathing,Hypertension,Metformin,52,159,67,20,36.6,98,Referral,Evening,NSAIDs,Spanish,186,100,28.9
13,61,Female,Hispanic,Medicare,7,17.2,Chest pain and trouble breathing,Hypertension,"Atorvastatin, Albuterol",137,141,71,18,35.1,85,Ambulance,Morning,None,English,166,108,39.2
14,19,Male,Asian,Private,1,3.2,Chest pain and trouble breathing,Asthma,"Albuterol, Atorvastatin",50,108,61,23,37.0,94,Walk-in,Evening,NSAIDs,English,181,119,36.3
15,49,Male,Other,Medicaid,6,6.7,Chest pain and trouble breathing,Chronic Kidney Disease,Insulin,66,127,83,16,38.4,95,Walk-in,Morning,Peanuts,Spanish,197,65,16.7
16,76,Male,Asian,Private,5,7.1,Chest pain and trouble breathing,Heart Disease,"Insulin, Lisinopril",108,125,78,14,38.4,99,Referral,Afternoon,NSAIDs,English,168,69,24.4
17,88,Female,Other,Medicare,3,16.9,Chest pain and trouble breathing,Hypertension,Lisinopril,131,90,70,29,37.8,94,Ambulance,Morning,NSAIDs,Spanish,197,109,28.1
18,19,Female,White,Private,0,0.6,Chest pain and trouble breathing,Diabetes,Warfarin,81,98,100,14,35.8,87,Walk-in,Afternoon,None,English,197,52,13.4
19,37,Male,White,Uninsured,7,3.1,Chest pain and trouble breathing,Chronic Kidney Disease,"Aspirin, Atorvastatin",124,161,95,17,37.9,100,Ambulance,Afternoon,Latex,Other,174,74,24.4
20,35,Male,Hispanic,Uninsured,1,4.0,Chest pain and trouble breathing,Hypertension,Atorvastatin,90,122,63,12,38.8,98,Referral,Afternoon,Peanuts,Spanish,170,97,33.6
21,37,Female,Asian,Uninsured,7,6.3,Chest pain and trouble breathing,None,None,66,122,71,30,35.7,98,Ambulance,Afternoon,None,Spanish,187,100,28.6
22,71,Male,Other,Medicare,7,6.0,Chest pain and trouble breathing,COPD,"Metformin, Aspirin",77,153,92,16,37.7,96,Ambulance,Morning,Penicillin,English,197,68,17.5
23,21,Male,Hispanic,Private,2,8.8,Chest pain and trouble breathing,COPD,"Metformin, Lisinopril",79,135,65,14,37.6,99,Referral,Night,Penicillin,Other,184,109,32.2
24,80,Male,Other,Uninsured,4,1.3,Chest pain and trouble breathing,Hypertension,Warfarin,67,114,90,14,35.1,92,Walk-in,Night,Penicillin,English,195,73,19.2
25,49,Male,Asian,Medicaid,5,2.7,Chest pain and trouble breathing,Asthma,"Albuterol, Warfarin",51,179,76,19,38.1,100,Referral,Morning,None,English,188,91,25.7
26,43,Female,Hispanic,Private,2,1.8,Chest pain and trouble breathing,Hypertension,"Metformin, Warfarin",56,146,95,24,38.1,88,Referral,Night,Penicillin,Spanish,150,57,25.3
27,33,Male,Hispanic,Uninsured,2,2.5,Chest pain and trouble breathing,Hypertension,"Warfarin, Aspirin",81,176,81,30,39.3,97,Walk-in,Morning,None,Other,171,107,36.6
28,75,Male,White,Medicare,5,1.7,Chest pain and trouble breathing,Hypertension,Albuterol,103,149,96,12,35.1,92,Walk-in,Night,Penicillin,Spanish,193,54,14.5
29,85,Male,Black,Uninsured,5,0.3,Chest pain and trouble breathing,None,None,96,144,99,27,37.0,98,Walk-in,Evening,Latex,Spanish,168,66,23.4
30,80,Female,Other,Uninsured,2,3.5,Chest pain and trouble breathing,Hypertension,Metformin,139,151,82,20,37.4,96,Walk-in,Afternoon,None,Other,150,107,47.6
31,18,Male,Hispanic,Private,1,1.6,Chest pain and trouble breathing,None,None,138,90,75,18,36.2,97,Referral,Night,NSAIDs,Other,152,75,32.5
32,33,Male,White,Private,2,8.5,Chest pain and trouble breathing,Chronic Kidney Disease,"Metformin, Aspirin",118,136,89,25,38.9,98,Referral,Morning,Penicillin,Spanish,154,65,27.4
33,65,Male,Other,Medicare,4,3.8,Chest pain and trouble breathing,COPD,"Atorvastatin, Aspirin",72,99,64,15,36.9,94,Referral,Morning,Latex,Other,168,107,37.9
34,18,Female,Hispanic,Medicare,7,6.4,Chest pain and trouble breathing,Heart Disease,"Insulin, Lisinopril",129,91,87,23,36.5,86,Ambulance,Evening,Latex,English,184,82,24.2
35,50,Female,Asian,Medicaid,2,10.3,Chest pain and trouble breathing,Chronic Kidney Disease,Aspirin,82,129,69,22,37.3,85,Ambulance,Night,NSAIDs,Other,175,57,18.6
36,43,Male,White,Medicare,9,0.1,Chest pain and trouble breathing,COPD,Lisinopril,56,157,70,15,36.4,93,Ambulance,Evening,None,English,170,85,29.4
37,27,Female,Hispanic,Medicare,4,8.3,Chest pain and trouble breathing,Asthma,Warfarin,85,171,98,16,37.8,91,Referral,Evening,NSAIDs,Other,174,79,26.1
38,34,Male,Other,Medicaid,0,4.2,Chest pain and trouble breathing,Heart Disease,"Aspirin, Metformin",62,148,78,28,35.9,88,Walk-in,Morning,None,Other,161,110,42.4
39,36,Male,Hispanic,Medicaid,8,2.3,Chest pain and trouble breathing,COPD,"Metformin, Insulin",101,172,75,16,36.0,95,Walk-in,Afternoon,Peanuts,Other,170,102,35.3
40,40,Female,Hispanic,Private,8,0.7,Chest pain and trouble breathing,None,None,107,128,73,16,35.8,87,Referral,Night,Peanuts,English,172,67,22.6
41,26,Male,Hispanic,Medicare,9,10.9,Chest pain and trouble breathing,Heart Disease,"Lisinopril, Metformin",56,135,72,19,36.5,89,Referral,Night,NSAIDs,Other,187,57,16.3
42,82,Female,Other,Private,5,10.1,Chest pain and trouble breathing,None,None,138,134,63,15,37.2,90,Ambulance,Afternoon,NSAIDs,English,180,68,21.0
43,78,Female,Other,Medicare,5,7.3,Chest pain and trouble breathing,Asthma,Metformin,88,156,72,29,36.3,96,Ambulance,Evening,Peanuts,English,157,110,44.6
44,56,Female,Black,Medicare,0,6.9,Chest pain and trouble breathing,Heart Disease,Aspirin,112,114,92,17,37.0,89,Walk-in,Night,NSAIDs,Other,155,107,44.5
45,61,Male,Black,Medicare,4,0.3,Chest pain and trouble breathing,Chronic Kidney Disease,"Warfarin, Metformin",85,108,79,29,36.5,99,Walk-in,Morning,Penicillin,Other,180,50,15.4
46,71,Female,Asian,Medicare,5,2.9,Chest pain and trouble breathing,Diabetes,Metformin,61,163,91,27,36.4,92,Referral,Morning,Latex,English,187,73,20.9
47,45,Female,Black,Medicare,4,1.9,Chest pain and trouble breathing,Chronic Kidney Disease,"Albuterol, Lisinopril",57,147,87,16,37.3,85,Walk-in,Afternoon,Penicillin,English,169,78,27.3
48,30,Male,Asian,Medicaid,2,10.4,Chest pain and trouble breathing,Diabetes,"Warfarin, Aspirin",118,136,84,13,38.9,94,Walk-in,Evening,NSAIDs,Spanish,179,54,16.9
49,50,Female,White,Private,5,10.0,Chest pain and trouble breathing,Diabetes,Metformin,60,174,85,28,36.9,87,Referral,Evening,None,English,150,70,31.1
50,72,Female,Hispanic,Medicaid,5,7.1,Chest pain and trouble breathing,Asthma,Atorvastatin,52,142,82,16,38.2,89,Referral,Morning,Latex,Other,186,66,19.1
51,18,Male,Hispanic,Private,2,1.9,Chest pain and trouble breathing,Heart Disease,Albuterol,81,123,87,19,37.0,90,Ambulance,Afternoon,Peanuts,Spanish,152,99,42.8
52,29,Male,Hispanic,Medicaid,0,4.8,Chest pain and trouble breathing,Heart Disease,"Warfarin, Aspirin",106,106,82,26,36.6,89,Referral,Evening,NSAIDs,Spanish,170,63,21.8
53,83,Female,Hispanic,Uninsured,10,1.4,Chest pain and trouble breathing,Heart Disease,"Lisinopril, Atorvastatin",87,139,93,29,35.8,99,Ambulance,Afternoon,Latex,Other,183,101,30.2
54,55,Female,Black,Medicaid,0,9.2,Chest pain and trouble breathing,Asthma,Atorvastatin,100,170,64,15,35.0,94,Ambulance,Evening,Peanuts,English,166,66,24.0
55,86,Female,Other,Medicaid,1,5.8,Chest pain and trouble breathing,Asthma,"Albuterol, Warfarin",92,164,82,27,35.9,92,Referral,Afternoon,NSAIDs,Spanish,174,116,38.3
56,84,Male,White,Medicaid,10,6.6,Chest pain and trouble breathing,COPD,"Insulin, Warfarin",100,108,80,16,37.5,86,Referral,Evening,None,English,177,91,29.0
57,78,Female,Black,Medicare,5,0.6,Chest pain and trouble breathing,Hypertension,Aspirin,61,179,93,28,39.0,93,Ambulance,Afternoon,Latex,Other,175,96,31.3
58,73,Male,Asian,Uninsured,10,15.2,Chest pain and trouble breathing,Heart Disease,"Atorvastatin, Metformin",85,90,67,28,37.0,87,Referral,Night,Latex,Spanish,164,96,35.7
59,73,Male,Black,Private,5,1.6,Chest pain and trouble breathing,Chronic Kidney Disease,"Warfarin, Aspirin",137,91,85,25,37.9,95,Walk-in,Afternoon,Penicillin,Other,196,67,17.4
60,55,Female,White,Medicare,2,3.0,Chest pain and trouble breathing,Chronic Kidney Disease,Aspirin,77,163,98,28,37.5,91,Walk-in,Afternoon,Latex,Other,171,93,31.8
61,42,Female,Asian,Uninsured,0,2.5,Chest pain and trouble breathing,Chronic Kidney Disease,"Atorvastatin, Albuterol",116,107,95,26,37.4,92,Ambulance,Night,Latex,Spanish,198,91,23.2
62,58,Male,Hispanic,Uninsured,4,2.7,Chest pain and trouble breathing,Heart Disease,"Metformin, Lisinopril",108,145,65,16,38.6,93,Walk-in,Morning,Peanuts,English,182,102,30.8
63,39,Female,Hispanic,Medicaid,4,1.0,Chest pain and trouble breathing,COPD,"Aspirin, Metformin",124,151,89,20,37.0,92,Ambulance,Afternoon,Latex,Other,186,85,24.6
64,41,Male,Black,Private,5,3.0,Chest pain and trouble breathing,Asthma,"Albuterol, Lisinopril",128,95,89,17,36.2,87,Referral,Night,Latex,English,151,57,25.0
65,43,Male,Asian,Uninsured,2,10.9,Chest pain and trouble breathing,Chronic Kidney Disease,"Atorvastatin, Insulin",117,108,79,12,37.2,85,Ambulance,Night,Latex,English,175,63,20.6
66,81,Female,Hispanic,Uninsured,5,5.2,Chest pain and trouble breathing,Chronic Kidney Disease,"Warfarin, Albuterol",126,92,92,17,38.7,86,Referral,Afternoon,Latex,English,159,54,21.4
67,40,Female,Asian,Uninsured,9,27.6,Chest pain and trouble breathing,None,None,51,173,60,16,39.4,87,Walk-in,Evening,Latex,Other,179,98,30.6
68,86,Male,Asian,Medicare,1,0.8,Chest pain and trouble breathing,COPD,Atorvastatin,83,165,94,14,36.4,85,Ambulance,Night,NSAIDs,Other,189,113,31.6
69,39,Male,White,Uninsured,7,10.6,Chest pain and trouble breathing,Hypertension,"Warfarin, Albuterol",79,124,80,16,37.5,94,Ambulance,Morning,Peanuts,Spanish,153,91,38.9
70,35,Female,Black,Uninsured,7,3.6,Chest pain and trouble breathing,Diabetes,"Lisinopril, Albuterol",100,127,92,26,38.0,85,Walk-in,Night,Peanuts,English,174,66,21.8
71,83,Female,White,Private,4,14.2,Chest pain and trouble breathing,Diabetes,Metformin,119,95,62,18,37.9,88,Referral,Morning,None,English,164,78,29.0
72,50,Male,Black,Private,3,8.1,Chest pain and trouble breathing,COPD,Metformin,87,146,92,16,38.1,95,Ambulance,Afternoon,Latex,Other,182,117,35.3
73,83,Male,Other,Medicare,9,4.1,Chest pain and trouble breathing,Asthma,"Insulin, Lisinopril",87,102,90,26,38.3,89,Walk-in,Afternoon,NSAIDs,Other,178,96,30.3
74,85,Male,Black,Medicaid,1,0.1,Chest pain and trouble breathing,None,None,85,125,85,22,36.6,95,Referral,Morning,Peanuts,Other,154,69,29.1
75,28,Female,Asian,Medicare,9,2.5,Chest pain and trouble breathing,None,None,72,136,85,25,37.8,92,Referral,Afternoon,None,Other,167,109,39.1
76,60,Female,Other,Private,3,15.1,Chest pain and trouble breathing,Chronic Kidney Disease,Atorvastatin,121,120,68,30,37.2,97,Ambulance,Evening,NSAIDs,Spanish,163,89,33.5
77,58,Female,White,Medicaid,5,14.5,Chest pain and trouble breathing,None,None,70,179,95,12,37.1,92,Walk-in,Night,None,Spanish,164,70,26.0
78,64,Female,Asian,Medicare,8,8.2,Chest pain and trouble breathing,Asthma,Metformin,75,130,94,22,38.1,90,Referral,Evening,NSAIDs,Other,151,56,24.6
79,51,Female,Asian,Uninsured,10,3.6,Chest pain and trouble breathing,Chronic Kidney Disease,"Insulin, Atorvastatin",100,143,83,18,38.0,95,Walk-in,Evening,Penicillin,English,171,75,25.6
80,45,Female,Asian,Medicare,1,6.5,Chest pain and trouble breathing,Chronic Kidney Disease,"Albuterol, Atorvastatin",98,109,81,19,36.3,85,Referral,Night,Peanuts,English,156,50,20.5
81,30,Female,Hispanic,Medicare,6,3.3,Chest pain and trouble breathing,Asthma,"Metformin, Lisinopril",81,119,88,28,37.0,92,Walk-in,Evening,Peanuts,Other,168,67,23.7
82,18,Female,Other,Private,2,3.6,Chest pain and trouble breathing,COPD,"Metformin, Aspirin",87,140,63,12,36.5,92,Ambulance,Night,Latex,Other,178,104,32.8
83,20,Male,Asian,Uninsured,9,1.9,Chest pain and trouble breathing,Asthma,"Warfarin, Aspirin",136,144,87,29,36.7,93,Ambulance,Evening,Penicillin,Spanish,152,108,46.7
84,89,Male,Hispanic,Medicaid,5,2.5,Chest pain and trouble breathing,Asthma,Atorvastatin,57,123,94,25,38.0,100,Referral,Evening,Latex,Other,195,65,17.1
85,85,Female,Hispanic,Uninsured,3,6.6,Chest pain and trouble breathing,Diabetes,Lisinopril,104,137,77,18,38.4,89,Walk-in,Afternoon,None,Other,168,68,24.1
86,53,Male,Hispanic,Private,1,13.4,Chest pain and trouble breathing,Heart Disease,"Atorvastatin, Insulin",60,91,62,23,37.8,88,Ambulance,Afternoon,Penicillin,Other,154,86,36.3
87,55,Female,Hispanic,Medicaid,8,3.4,Chest pain and trouble breathing,None,None,135,113,76,21,37.3,91,Ambulance,Evening,Penicillin,Spanish,181,63,19.2
88,26,Male,Hispanic,Private,7,7.2,Chest pain and trouble breathing,Heart Disease,Atorvastatin,71,93,85,24,37.0,86,Ambulance,Evening,None,English,172,86,29.1
89,87,Female,Black,Uninsured,1,4.5,Chest pain and trouble breathing,None,None,90,127,93,28,36.9,96,Ambulance,Evening,Latex,Spanish,172,76,25.7
90,74,Female,Hispanic,Medicare,5,7.9,Chest pain and trouble breathing,None,None,102,160,69,24,34.4,85,Walk-in,Night,None,English,175,111,36.2
91,63,Female,Asian,Private,1,1.1,Chest pain and trouble breathing,COPD,Insulin,102,125,85,22,36.1,85,Referral,Morning,Penicillin,English,188,103,29.1
92,72,Female,White,Medicare,7,16.6,Chest pain and trouble breathing,None,None,82,125,79,30,35.6,87,Referral,Night,NSAIDs,Other,192,111,30.1
93,43,Male,Other,Uninsured,1,0.7,Chest pain and trouble breathing,Asthma,Albuterol,50,178,99,21,36.2,86,Walk-in,Night,Peanuts,Other,186,93,26.9
94,68,Male,Other,Private,5,5.4,Chest pain and trouble breathing,Chronic Kidney Disease,"Metformin, Insulin",108,138,76,21,36.9,93,Ambulance,Evening,None,English,198,96,24.5
95,29,Male,Black,Private,7,8.5,Chest pain and trouble breathing,Hypertension,Aspirin,136,169,65,19,36.9,99,Walk-in,Night,NSAIDs,Spanish,175,75,24.5
96,64,Female,White,Medicare,9,5.3,Chest pain and trouble breathing,Diabetes,"Insulin, Lisinopril",134,175,66,25,35.3,99,Referral,Night,None,Other,156,58,23.8
97,65,Male,Hispanic,Medicare,7,21.3,Chest pain and trouble breathing,Asthma,"Aspirin, Atorvastatin",88,107,98,28,35.7,96,Ambulance,Afternoon,Peanuts,English,194,52,13.8
98,54,Male,White,Medicare,10,2.5,Chest pain and trouble breathing,Chronic Kidney Disease,"Lisinopril, Atorvastatin",88,104,63,24,38.4,86,Referral,Evening,Latex,English,182,65,19.6
99,59,Female,Hispanic,Uninsured,1,0.1,Chest pain and trouble breathing,Diabetes,"Atorvastatin, Warfarin",62,102,77,14,37.0,100,Walk-in,Night,None,Other,193,59,15.8
100,47,Male,Asian,Medicaid,8,2.5,Chest pain and trouble breathing,COPD,Lisinopril,98,92,73,29,36.4,88,Ambulance,Morning,Penicillin,Other,167,111,39.8
